{"frames":{"frameName1472011506069.png":{"frame":{"x":0,"y":0,"w":440,"h":280},"spriteSourceSize":{"x":0,"y":0,"w":440,"h":280},"sourceSize":{"w":440,"h":280}},"frameName1472011506070.png":{"frame":{"x":440,"y":0,"w":440,"h":280},"spriteSourceSize":{"x":0,"y":0,"w":440,"h":280},"sourceSize":{"w":440,"h":280}},"frameName1472011506071.png":{"frame":{"x":880,"y":0,"w":440,"h":280},"spriteSourceSize":{"x":0,"y":0,"w":440,"h":280},"sourceSize":{"w":440,"h":280}},"frameName1472011506072.png":{"frame":{"x":1320,"y":0,"w":440,"h":280},"spriteSourceSize":{"x":0,"y":0,"w":440,"h":280},"sourceSize":{"w":440,"h":280}}},"meta":{"image":"car.png","size":{"w":0,"h":0},"scale":1}}